1000;Luke;Dickerson;luke.dickson90@gmail.com;163 Saint John St.;Johnson City;Missouri;United States;63102
1001;Fesetersonmannjohnny;Jacksonmansonjohnson;fesetersonmannjohnny.jacksonmansonjohnson@mics.com;561 Main Yorkshire Street;London Brightbardway;NULL;United Kingdom;62914
1002;John;Johnson;johnson11@gmail.com;123 Staint Row Drive;Mickson Jersey;Iowa;United States;12395
1003;Joe;Joesph;joey19@gmail.com;392 Rowsburg Avenue;Ottumwa;Iowa;United States;39204
1004;Jason;Vanderlin;jason.van671@gmail.com;4 Iowa Avenue;Des Moines;Iowa;United States;45621
1005;Jackie;Thomson;jackie.tommie901@gmail.com;12 Betson Drive;Des Moines;Iowa;United States;78215
1006;Jackson;Stevens;jackson.steves01@gmail.com;45 New Way;Iowa City;Iowa;United States;78120
1007;Sarah;Jason;stevesemail271@gmail.com;67 Standson United Drive;Borksburg;NULL;Denmark;89212
1008;Jackie;Chan;therealjackiechan@gmail.com;16 Vamderlan's Mount;Vanderlin Peaks;NULL;China;90122
1009;Jessie;Jackson;jessie.jackson@gmail.com;82 Pointsburg Drive;Vinsin;NULL;Austrila;12378
1010;Jessica;Jones;jessicab781@gmail.com;900 Vinsin Peak;Pettersburg;NULL;United Kingdom;91287